,x,y,t,vit_vent,angle_vent,cap,twa,polaire
0,49.75388888888889,-0.10666666666666667,1599719860.2223394,9.924091961997608,49.07715755871368,354.99999999999915,54.07715755871459,6.626447454891388
1,49.77222564394929,-0.10914976105884265,1599720460.2223394,10.15925243521581,49.36978321441944,354.0000000000005,55.36978321441893,6.736317103422388
2,49.79083512965345,-0.1121783324004566,1599721060.2223394,10.39536771075913,49.70295359733768,354.00000000000097,55.70295359733677,6.780594627679983
3,49.809566934711356,-0.11522798153869496,1599721660.2223394,10.63092204241284,50.07245785830207,50.53282725086228,0.46036939256021014,0.0
4,51.025,2.172222222222222,1599721660.2223394,6.2285463865716455,93.20506304275415,0.0,93.20506304275415,5.872869090595555
