{"lat0": 40, "u10": [[[-1.0155322551727295, -0.33553221821784973, 0.09446777403354645, -2.165532112121582, -3.7755322456359863, -4.405532360076904, -6.82553243637085, -6.135532379150391, -5.565532207489014, -4.655532360076904], [-0.9855322241783142, -2.4655323028564453, -1.4055322408676147, 1.514467716217041, -1.885532259941101, -3.615532159805298, -4.0455322265625, -4.555532455444336, -3.6455321311950684, -1.0655322074890137], [-4.855532169342041, -5.57553243637085, -3.725532293319702, -1.3655322790145874, 1.8144677877426147, 2.9544677734375, 0.2944677770137787, -0.2355322241783142, -0.4555322229862213, 0.22446776926517487], [-1.955532193183899, 0.7144677639007568, 0.3044677674770355, -0.18553222715854645, 2.2244677543640137, 3.4844677448272705, 4.864467620849609, 4.874467849731445, 0.8944677710533142, 0.15446777641773224], [5.9544677734375, 6.414467811584473, 6.514467716217041, 6.074467658996582, 4.73446798324585, 5.054467678070068, 4.024467945098877, 4.864467620849609, 7.314467906951904, -0.5455322265625]], [[-1.256008267402649, -1.5860083103179932, -1.8960082530975342, -2.216008186340332, -4.336008071899414, -4.186008453369141, -5.086008071899414, -4.736008167266846, -4.766008377075195, -4.5660080909729], [-3.026008367538452, -2.8160083293914795, 0.07399170100688934, -1.1760083436965942, -3.5760083198547363, -3.356008291244507, -3.476008415222168, -4.356008529663086, -4.046008110046387, -1.196008324623108], [-4.306008338928223, -5.156008243560791, -2.9460082054138184, -0.8360083103179932, 1.003991723060608, 2.2439916133880615, 1.2839916944503784, 1.1139917373657227, 0.90399169921875, 0.603991687297821], [-4.016008377075195, -1.4560083150863647, -0.546008288860321, -1.9260083436965942, 1.0839916467666626, 2.2439916133880615, 4.763991832733154, 4.733991622924805, 3.343991756439209, 1.9739917516708374], [3.5039916038513184, 4.603991508483887, 5.523991584777832, 5.853991508483887, 6.15399169921875, 4.503991603851318, 5.313991546630859, 5.693991661071777, 4.963991641998291, -1.0760083198547363]], [[-0.4566650390625, 0.6533349752426147, -1.3366650342941284, -2.346665143966675, -3.0466649532318115, -4.006665229797363, -5.066665172576904, -4.23666524887085, -4.546665191650391, -4.376665115356445], [-1.5866650342941284, -1.1666650772094727, 0.4533349573612213, -3.006664991378784, -4.446664810180664, -4.376665115356445, -3.9566650390625, -3.7866649627685547, -1.4966650009155273, -2.066664934158325], [-3.266664981842041, -3.9966650009155273, -2.506664991378784, -0.506665050983429, 1.7433350086212158, 2.093334913253784, -0.13666504621505737, -1.7166650295257568, -1.8366650342941284, -0.5866650342941284], [-3.9166650772094727, -0.7666650414466858, -1.4266650676727295, -2.6066651344299316, 0.4733349680900574, 1.383334994316101, 3.7733349800109863, 4.393334865570068, 4.843335151672363, 0.8633349537849426], [4.533334732055664, 3.3833348751068115, 4.173335075378418, 5.473334789276123, 4.933334827423096, 5.533334732055664, 4.363335132598877, 3.5633349418640137, 5.083334922790527, 2.933335065841675]], [[0.6427563428878784, 0.9227563738822937, -0.24724365770816803, -2.037243604660034, -1.5172436237335205, -3.047243595123291, -3.617243766784668, -2.877243757247925, -3.2772436141967773, -2.3972437381744385], [-0.7472436428070068, -1.3072437047958374, 0.10275635123252869, -0.6472436785697937, -1.8172436952590942, -2.9572436809539795, -3.8872437477111816, -2.8272435665130615, -0.6972436308860779, -1.397243618965149], [-2.4472436904907227, -1.0172436237335205, 0.5727563500404358, 2.272756338119507, 2.872756242752075, 3.9727563858032227, 3.7327563762664795, 2.462756395339966, -1.9372437000274658, 0.6027563214302063], [-3.7572436332702637, 0.9927563667297363, 1.8927563428878784, -0.19724364578723907, 0.12275634706020355, 1.7927563190460205, 4.242756366729736, 5.812756538391113, 5.51275634765625, 3.522756338119507], [6.082756519317627, 3.902756452560425, 3.952756404876709, 4.082756519317627, 5.932756423950195, 5.882756233215332, 5.532756328582764, 5.242756366729736, 5.162756443023682, 6.352756500244141]], [[0.8059228658676147, 0.995922863483429, -0.0540771484375, -1.5940771102905273, -0.7740771770477295, -1.3240771293640137, -1.9440771341323853, -1.994077205657959, -2.0140771865844727, -0.34407714009284973], [-0.28407713770866394, -0.6940771341323853, 0.21592284739017487, -1.7540771961212158, -1.4240771532058716, -1.3540771007537842, -3.314077138900757, -3.4740772247314453, -4.454077243804932, -1.5040771961212158], [-1.6940771341323853, -1.3840771913528442, 0.7559228539466858, 2.825922966003418, 4.175922870635986, 4.455923080444336, 2.635922908782959, 2.625922918319702, 2.755922794342041, 1.4359228610992432], [-2.914077043533325, 0.6859228610992432, 3.315922737121582, 2.7159228324890137, 1.6559228897094727, 3.185922861099243, 4.455923080444336, 5.985922813415527, 5.115922927856445, 4.405922889709473], [6.465922832489014, 4.385922908782959, 3.8559229373931885, 4.555922985076904, 5.105922698974609, 4.835922718048096, 4.625922679901123, 4.865922927856445, 5.325922966003418, 4.755922794342041]], [[1.9273217916488647, 1.3673217296600342, 0.4773217737674713, -1.582678198814392, -1.1126781702041626, -0.04267822206020355, -0.9226782321929932, -2.3926782608032227, -1.9526782035827637, -1.4726781845092773], [0.4473217725753784, -0.8326781988143921, -0.2826782166957855, -2.5126781463623047, -2.002678155899048, -1.6926782131195068, -1.2326781749725342, -3.192678213119507, -4.922677993774414, -1.4526782035827637], [-0.9726782441139221, -2.7626781463623047, -0.17267821729183197, 2.387321710586548, 2.877321720123291, 3.267321825027466, 1.627321720123291, 2.697321891784668, 2.5273218154907227, 0.9973217844963074], [-3.43267822265625, -1.8226782083511353, 1.917321801185608, 0.8773217797279358, 0.617321789264679, 0.9773218035697937, 3.927321672439575, 5.797321796417236, 4.657321929931641, 2.447321891784668], [7.027321815490723, 4.467321872711182, 3.247321844100952, 3.117321729660034, 4.217321872711182, 5.517321586608887, 6.147321701049805, 5.137321949005127, 5.167321681976318, 3.2973217964172363]], [[2.631638288497925, 1.1716381311416626, 1.5316381454467773, -0.17836181819438934, -0.50836181640625, -0.5683618187904358, -0.45836180448532104, -1.9283617734909058, -2.4783618450164795, -2.0983617305755615], [1.841638207435608, -0.6083618402481079, 0.9316381812095642, 0.9516381621360779, -0.1983618140220642, -0.3283618092536926, -0.17836181819438934, -1.198361873626709, -4.278361797332764, -1.25836181640625], [0.32163819670677185, 0.22163818776607513, 1.2716381549835205, 2.8916382789611816, 3.24163818359375, 3.6416382789611816, 1.401638150215149, 1.801638126373291, 0.48163819313049316, -0.5283617973327637], [-0.14836181700229645, 0.6516382098197937, 1.681638240814209, 3.181638240814209, 0.9816381931304932, 1.2916381359100342, 2.7016382217407227, 4.601638317108154, 3.561638116836548, 2.2716381549835205], [6.951638221740723, 5.691637992858887, 4.141638278961182, 4.101638317108154, 4.5216383934021, 5.011638164520264, 5.671638011932373, 5.351638317108154, 5.181638240814209, 2.561638116836548]], [[4.242143630981445, 2.7821435928344727, 1.9921435117721558, 2.1721434593200684, 1.412143588066101, 0.11214355379343033, -0.7178564667701721, -1.0678564310073853, -0.977856457233429, -1.6978564262390137], [2.4721436500549316, 2.762143611907959, 1.3621435165405273, 3.762143611907959, 2.6721434593200684, 2.7321436405181885, 1.2721436023712158, -0.5678564310073853, -2.567856550216675, -0.3978564441204071], [1.1821435689926147, 0.11214355379343033, 1.4421435594558716, 3.4721436500549316, 3.812143564224243, 3.812143564224243, 1.3921436071395874, 2.4021434783935547, 1.922143578529358, -0.5978564620018005], [0.2921435534954071, 2.1721434593200684, 2.9121434688568115, 4.212143421173096, 3.642143487930298, 2.1121435165405273, 2.642143487930298, 4.692143440246582, 3.9921436309814453, 2.8421435356140137], [6.702143669128418, 6.872143745422363, 5.112143516540527, 4.242143630981445, 4.772143363952637, 4.942143440246582, 