{"latini": 40, "latfin": 45, "longini": 350, "longfin": 360, "u10": [[[2.043754816055298, 2.093754768371582, 3.153754949569702, 1.163754940032959, 0.2937548756599426, 0.17375488579273224, 0.3237548768520355, -0.26624512672424316, -0.4962451159954071, -0.4062451124191284], [0.03375488147139549, -1.1062451601028442, 0.9637548923492432, -0.03624511882662773, -1.6362451314926147, -0.826245129108429, 0.10375488549470901, 1.4937548637390137, -1.866245150566101, -0.19624511897563934], [-1.926245093345642, -0.7662451267242432, 0.1637548804283142, 1.7337548732757568, 2.8037548065185547, 2.853754997253418, 1.1137548685073853, 1.8537548780441284, 2.2037549018859863, 2.0137548446655273], [-2.8762450218200684, -2.1062450408935547, 0.03375488147139549, -0.4962451159954071, -0.8762451410293579, -0.4062451124191284, 1.633754849433899, 3.2637548446655273, 3.213754892349243, 2.213754892349243], [3.923754930496216, 4.263754844665527, 2.363754987716675, 2.543754816055298, 3.2037549018859863, 4.173754692077637, 4.273755073547363, 3.6837549209594727, 3.4337549209594727, 1.873754858970642]], [[3.3702733516693115, 2.5302734375, 1.9502733945846558, 0.5702734589576721, 1.8002734184265137, 1.690273404121399, 0.5102734565734863, 0.7202734351158142, 0.060273438692092896, -0.05972656235098839], [0.23027344048023224, -0.2497265636920929, 0.9002734422683716, 3.960273504257202, 1.9502733945846558, 1.870273470878601, 1.720273494720459, 1.690273404121399, -0.8097265362739563, -0.16972656548023224], [-0.38972654938697815, -1.2297265529632568, 1.1102734804153442, 2.980273485183716, 2.770273447036743, 2.4402735233306885, 0.5402734279632568, 1.6702734231948853, 2.0502734184265137, 1.2402734756469727], [0.2502734363079071, 0.26027342677116394, 1.2802734375, 1.6402734518051147, 1.7102733850479126, 0.26027342677116394, 2.2802734375, 3.040273427963257, 2.4302735328674316, 2.2602734565734863], [7.31027364730835, 6.970273494720459, 4.220273494720459, 3.980273485183716, 3.5002734661102295, 3.790273427963257, 4.430273532867432, 3.660273551940918, 3.7602734565734863, 1.2902734279632568]], [[4.525094985961914, 4.125095367431641, 3.965095281600952, 1.5850951671600342, 0.3150952160358429, 2.155095100402832, 3.425095319747925, 3.4450953006744385, 1.78509521484375, 1.135095238685608], [0.53509521484375, 0.9150952100753784, -0.034904785454273224, 3.3050951957702637, 5.325095176696777, 4.125095367431641, 5.145095348358154, 6.235095024108887, 2.665095329284668, 0.13509520888328552], [0.39509522914886475, -1.6049047708511353, -2.154904842376709, 0.015095215290784836, 2.78509521484375, 3.985095262527466, 1.185095191001892, 2.8250951766967773, 2.645095109939575, 2.415095329284668], [4.115095138549805, 4.955095291137695, 4.525094985961914, 3.725095272064209, 3.335095167160034, 3.645095109939575, 5.895095348358154, 4.475095272064209, 3.105095148086548, 1.595095157623291], [4.805095195770264, 7.965095043182373, 6.405095100402832, 5.385095119476318, 4.865095138549805, 4.015095233917236, 5.155095100402832, 4.465095043182373, 3.2450952529907227, -0.014904784969985485]], [[5.060573577880859, 4.290573596954346, 2.760573625564575, 2.6205737590789795, 2.5705738067626953, 1.1305737495422363, 1.5805736780166626, 2.9805736541748047, 2.9305737018585205, 1.9705737829208374], [3.2405736446380615, 1.3305736780166626, 1.240573763847351, 0.29057371616363525, 3.0705738067626953, 4.050573825836182, 4.790573596954346, 7.040573596954346, 5.190573692321777, 2.540573835372925], [2.5605738162994385, -0.08942627161741257, -3.169426202774048, -0.5194262862205505, 1.3605737686157227, 0.9405737519264221, 2.0605738162994385, 3.3705737590789795, 3.9805736541748047, 3.2505736351013184], [4.530573844909668, 5.090573787689209, 6.500573635101318, 5.250573635101318, 3.330573797225952, 3.5505738258361816, 3.780573844909668, 5.070573806762695, 3.260573625564575, 3.1305737495422363], [4.730573654174805, 6.030573844909668, 6.9305739402771, 6.1205735206604, 5.160573959350586, 3.590573787689209, 4.160573959350586, 4.960573673248291, 3.470573663711548, 1.990573763847351]], [[7.041630744934082, 5.341630935668945, 4.991631031036377, 4.031630992889404, 2.171630859375, 3.7716307640075684, 2.931630849838257, 3.371630907058716, 4.281630992889404, 2.181630849838257], [4.851630687713623, 4.271630764007568, 3.861630916595459, 3.3216309547424316, 2.411630868911743, 3.051630973815918, 4.441630840301514, 3.801630973815918, 4.931631088256836, 3.041630744934082], [4.821630954742432, 3.6516308784484863, 1.2116308212280273, 2.561630964279175, 0.9016308784484863, 1.0516308546066284, 2.2116308212280273, 3.7116308212280273, 3.2616307735443115, 3.7516307830810547], [6.921630859375, 5.881630897521973, 6.911630630493164, 6.771630764007568, 5.841630935668945, 4.031630992889404, 3.8216309547424316, 3.5116307735443115, 4.501630783081055, 3.621630907058716], [3.851630926132202, 5.021630764007568, 6.811630725860596, 6.101630687713623, 5.741631031036377, 3.861630916595459, 2.661630868911743, 4.541630744934082, 3.2616307735443115, 3.161630868911743]], [[8.878259658813477, 7.518259048461914, 6.0582594871521, 5.488259315490723, 4.27825927734375, 3.9882593154907227, 6.288259506225586, 6.228259086608887, 5.978259086608887, 6.428259372711182], [7.478259086608887, 6.468259334564209, 5.788259506225586, 4.548259258270264, 1.8982592821121216, 1.0682592391967773, 4.418259143829346, 1.5982593297958374, 1.6682592630386353, 3.8682591915130615], [9.378259658813477, 8.148259162902832, 5.038259506225586, 5.608259201049805, 5.348259449005127, 3.588259220123291, 3.02825927734375, 4.618259429931641, 4.77825927734375, 4.438259124755859], [6.138259410858154, 7.918259143829346, 8.178258895874023, 8.358259201049805, 8.048259735107422, 6.098259449005127, 5.2482590675354, 5.388259410858154, 4.878259181976318, 4.7482590675354], [3.3582592010498047, 4.77825927734375, 6.688259124755859, 6.5582594871521, 6.478259086608887, 7.108259201049805, 5.108259201049805, 4.188259124755859, 5.298259258270264, 4.688259124755859]], [[5.156760215759277, 8.17676067352295, 7.986760139465332, 6.716760158538818, 5.156760215759277, 3.796760320663452, 4.236760139465332, 4.766760349273682, 5.186760425567627, 5.536760330200195], [8.566760063171387, 8.486760139465332, 7.356760025024414, 6.886760234832764, 5.676760196685791, 3.7767603397369385, 2.046760320663452, -0.43323975801467896, -0.2532397508621216, 1.11676025390625], [7.626760482788086, 9.466760635375977, 9.126760482788086, 6.11676025390625, 5.926760196685791, 8.516759872436523, 1.9467602968215942, 3.36676025390625, 2.9667601585388184, 3.9467601776123047], [7.436760425567627, 6.446760177612305, 7.596760272979736, 9.266759872436523, 7.796760082244873, 7.356760025024414, 7.016760349273682, 4.906760215759277, 2.926760196685791, 3.476760149002075], [4.136760234832764, 3.2867603302001953, 4.176760196685791, 6.61676025390625, 5.996760368347168, 6.256760120391846, 6.846760272979736, 9.17676067352295, 4.906760215759277, 3.7767603397369385]], [[7.374797344207764, 5.704797267913818, 7.274797439575195, 7.764797210693359, 6.674797534942627, 4.594797134399414, 5.254797458648682, 1.1447973251342773, 1.914797306060791, 3.244797468185425], [4.014797210693359, 8.504796981811523, 7.834797382354736, 8.44479751586914, 6.044797420501709, 4.934797286987305, 7.664797306060791, 4.314797401428223, 4.8847975730896, 1.414797306060791], [8.584796905517578, 6.814797401428223, 8.624797821044922, 7.964797496795654, 8.784797668457031, 4.584797382354736, 2.654797315597534, 3.1347973346710205, 2.3147974014282227, 2.234797477722168], [5.3247971534729, 7.694797515869141, 6.374797344207764, 6.014797210693359, 7.3847975730896, 7.6347975730896, 7.714797496795654, 6.8847975730896, 2.5247974395751953, 1.5847973823547363], [5.444797515869141, 2.3947973251342773, 2.654797315597534, 3.154797315597534, 4.85479736328125, 4.754797458648682, 5.954797267913818, 4.534797191619873, 4.264797210693359, 1.85479736328125]]],